檔名,狀態,原始訊噪比dB,降噪後訊噪比dB,音量增益dB,語音長度秒,原始長度秒,需要檢查的原因,錯誤訊息
BL-67.mp3,ok,14.1,38.5,29.4,2.80,4.52,,
BL1-足太陽膀胱經-睛明.mp3,ok,12.7,30.3,34.2,0.78,7.42,,
BL10-足太陽膀胱經-天柱.mp3,review,1.2,31.2,37.3,0.73,1.66,原始訊噪比偏低,
BL11-足太陽膀胱經-大杼.mp3,review,0.8,31.2,36.4,0.66,1.66,原始訊噪比偏低,
BL12-足太陽膀胱經-風門.mp3,review,0.9,31.5,35.7,0.63,1.54,原始訊噪比偏低,
BL13-足太陽膀胱經-肺俞.mp3,review,1.7,33.6,35.3,0.67,1.75,原始訊噪比偏低,
BL14-足太陽膀胱經-厥陰俞.mp3,review,1.4,35.8,29.9,0.71,1.49,原始訊噪比偏低,
BL15-足太陽膀胱經-心俞.mp3,review,1.2,33.0,38.4,0.79,1.62,原始訊噪比偏低,
BL16-足太陽膀胱經-督俞.mp3,review,1.9,35.9,35.1,0.62,1.32,原始訊噪比偏低,
BL17-足太陽膀胱經-膈俞.mp3,review,2.3,37.7,32.0,0.66,1.49,原始訊噪比偏低,
BL18-足太陽膀胱經-肝俞.mp3,review,1.2,32.3,37.5,0.65,1.54,原始訊噪比偏低,
BL19-足太陽膀胱經-膽俞.mp3,review,1.1,31.7,37.7,0.68,1.58,原始訊噪比偏低,
BL2-足太陽膀胱經-攢竹.mp3,review,1.5,32.5,35.1,0.74,2.39,原始訊噪比偏低,
BL20-足太陽膀胱經-脾俞.mp3,review,1.6,33.8,36.6,0.72,1.62,原始訊噪比偏低,
BL21-足太陽膀胱經-胃俞.mp3,review,2.9,38.1,31.0,0.69,1.66,原始訊噪比偏低,
BL22-足太陽膀胱經-三焦俞.mp3,review,2.4,36.1,32.1,1.00,1.96,原始訊噪比偏低,
BL23-足太陽膀胱經-腎俞.mp3,review,2.0,34.6,34.6,0.76,1.88,原始訊噪比偏低,
BL24-足太陽膀胱經-氣海俞.mp3,review,1.8,34.5,36.2,0.85,1.58,原始訊噪比偏低,
BL25-足太陽膀胱經-大腸俞.mp3,review,2.2,34.2,32.3,0.89,2.26,原始訊噪比偏低,
BL26-足太陽膀胱經-關元俞.mp3,review,2.7,35.6,32.9,0.90,1.88,原始訊噪比偏低,
BL27-足太陽膀胱經-小腸俞.mp3,review,2.1,34.9,32.6,0.93,2.05,原始訊噪比偏低,
BL28-足太陽膀胱經-膀胱俞.mp3,review,2.9,35.9,28.7,0.89,2.13,原始訊噪比偏低,
BL29-足太陽膀胱經-中膂俞.mp3,review,2.4,34.3,34.1,0.85,2.01,原始訊噪比偏低,
BL3-足太陽膀胱經-眉衝.mp3,review,2.5,34.3,35.2,0.74,1.66,原始訊噪比偏低,
BL30-足太陽膀胱經-白環俞.mp3,review,2.5,34.7,30.9,0.87,2.05,原始訊噪比偏低,
BL31-足太陽膀胱經-上髎.mp3,review,2.2,33.4,32.5,0.81,1.88,原始訊噪比偏低,
BL32-足太陽膀胱經-次髎.mp3,review,2.4,34.3,33.7,0.87,1.66,原始訊噪比偏低,
BL33-足太陽膀胱經-中髎.mp3,review,4.5,39.5,25.9,0.80,1.54,原始訊噪比偏低,
BL34-足太陽膀胱經-下髎.mp3,review,3.0,34.7,32.0,0.81,1.71,原始訊噪比偏低,
BL35-足太陽膀胱經-會陽.mp3,review,3.2,37.9,30.8,0.76,1.62,原始訊噪比偏低,
BL36-足太陽膀胱經-承扶.mp3,review,2.4,32.9,37.8,0.79,1.54,原始訊噪比偏低,
BL37-足太陽膀胱經-殷門.mp3,review,2.1,35.5,34.2,0.71,1.79,原始訊噪比偏低,
BL38-足太陽膀胱經-浮郄.mp3,review,1.3,33.7,36.5,0.66,1.92,原始訊噪比偏低,
BL39-足太陽膀胱經-委陽.mp3,review,1.7,35.2,31.7,0.74,1.62,原始訊噪比偏低,
BL4-足太陽膀胱經-曲差.mp3,review,0.9,28.9,38.3,0.75,1.71,原始訊噪比偏低,
BL40-足太陽膀胱經-委中.mp3,review,3.5,39.3,29.1,0.73,1.75,原始訊噪比偏低,
BL41-足太陽膀胱經-附分.mp3,review,2.3,36.3,27.9,0.70,1.45,原始訊噪比偏低,
BL42-足太陽膀胱經-魄戶.mp3,review,4.6,38.7,30.1,0.67,1.79,原始訊噪比偏低,
BL43-足太陽膀胱經-膏肓.mp3,review,4.9,38.8,30.4,0.79,1.71,原始訊噪比偏低,
BL44-足太陽膀胱經-神堂.mp3,review,2.1,34.2,32.5,0.84,1.75,原始訊噪比偏低,
BL45-足太陽膀胱經-譩譆.mp3,review,2.3,33.9,38.0,0.75,1.58,原始訊噪比偏低,
BL46-足太陽膀胱經-膈關.mp3,review,2.2,36.7,32.5,0.76,1.79,原始訊噪比偏低,
BL47-足太陽膀胱經-魂門.mp3,review,2.0,36.4,33.8,0.87,1.83,原始訊噪比偏低,
BL48-足太陽膀胱經-陽綱.mp3,review,2.2,36.5,28.3,0.78,1.54,原始訊噪比偏低,
BL49-足太陽膀胱經-意舍.mp3,review,1.6,32.0,35.6,0.65,1.54,原始訊噪比偏低,
BL5-足太陽膀胱經-五處.mp3,review,1.7,31.6,35.7,0.62,1.58,原始訊噪比偏低,
BL50-足太陽膀胱經-胃倉.mp3,review,2.0,36.4,31.1,0.75,1.88,原始訊噪比偏低,
BL51-足太陽膀胱經-肓門.mp3,review,1.6,34.9,28.8,0.68,1.41,原始訊噪比偏低,
BL52-足太陽膀胱經-志室.mp3,review,0.8,30.7,38.8,0.75,1.71,原始訊噪比偏低,
BL53-足太陽膀胱經-胞肓.mp3,ok,6.8,43.7,24.4,0.73,1.92,,
BL54-足太陽膀胱經-秩邊.mp3,review,2.8,36.0,31.8,0.75,1.49,原始訊噪比偏低,
BL55-足太陽膀胱經-合陽.mp3,review,1.5,34.4,34.0,0.70,1.58,原始訊噪比偏低,
BL56-足太陽膀胱經-承筋.mp3,review,1.5,32.0,36.7,0.72,1.45,原始訊噪比偏低,
BL57-足太陽膀胱經-承山.mp3,review,2.0,34.2,28.7,0.80,1.79,原始訊噪比偏低,
BL58-足太陽膀胱經-飛揚.mp3,review,2.1,35.7,32.4,0.77,1.58,原始訊噪比偏低,
BL59-足太陽膀胱經-跗陽.mp3,review,1.9,33.4,33.3,0.75,1.66,原始訊噪比偏低,
BL6-足太陽膀胱經-承光.mp3,review,2.0,35.0,31.9,0.76,1.54,原始訊噪比偏低,
BL60-足太陽膀胱經-崑崙.mp3,review,2.7,36.8,30.9,0.83,1.58,原始訊噪比偏低,
BL61-足太陽膀胱經-僕參.mp3,review,2.0,31.6,34.7,0.66,1.62,原始訊噪比偏低,
BL62-足太陽膀胱經-申脈.mp3,review,2.0,35.4,31.3,0.78,1.58,原始訊噪比偏低,
BL63-足太陽膀胱經-金門.mp3,review,1.0,33.0,35.7,0.76,1.54,原始訊噪比偏低,
BL64-足太陽膀胱經-京骨.mp3,review,0.9,30.7,39.7,0.70,1.66,原始訊噪比偏低,
BL65-足太陽膀胱經-束骨.mp3,review,1.6,34.1,35.7,0.80,1.66,原始訊噪比偏低,
BL66-足太陽膀胱經-足通谷.mp3,review,2.3,35.4,31.9,0.93,1.62,原始訊噪比偏低,
BL67-足太陽膀胱經-至陰.mp3,review,2.5,35.9,31.9,0.76,1.79,原始訊噪比偏低,
BL7-足太陽膀胱經-通天.mp3,review,1.8,33.6,35.6,0.84,1.62,原始訊噪比偏低,
BL8-足太陽膀胱經-絡卻.mp3,review,2.2,34.3,34.9,0.82,1.75,原始訊噪比偏低,
BL9-足太陽膀胱經-玉枕.mp3,review,2.0,34.1,35.2,0.64,1.41,原始訊噪比偏低,
CV-24.mp3,ok,13.9,34.7,33.4,1.85,4.52,,
CV1-任脈-會陰.mp3,review,4.9,37.4,29.7,0.68,1.71,原始訊噪比偏低,
CV10-任脈-下脘.mp3,review,2.0,33.6,34.8,0.70,1.58,原始訊噪比偏低,
CV11-任脈-建里.mp3,review,3.4,38.1,30.0,0.60,1.58,原始訊噪比偏低,
CV12-任脈-中脘.mp3,review,3.9,39.0,29.3,0.65,1.58,原始訊噪比偏低,
CV13-任脈-上脘.mp3,review,2.2,34.3,28.3,0.73,1.54,原始訊噪比偏低,
CV14-任脈-巨闕.mp3,review,2.2,37.6,30.8,0.74,1.62,原始訊噪比偏低,
CV15-任脈-鳩尾.mp3,review,2.3,38.0,32.2,0.63,1.45,原始訊噪比偏低,
CV16-任脈-中庭.mp3,review,2.2,35.4,31.6,0.80,1.75,原始訊噪比偏低,
CV17-任脈-膻中.mp3,review,2.2,36.7,29.8,0.80,1.62,原始訊噪比偏低,
CV18-任脈-玉堂.mp3,review,1.5,33.6,34.3,0.70,1.49,原始訊噪比偏低,
CV19-任脈-紫宮.mp3,review,2.3,37.7,28.8,0.67,1.41,原始訊噪比偏低,
CV2-任脈-曲骨.mp3,review,2.1,34.2,35.8,0.60,1.41,原始訊噪比偏低,
CV20-任脈-華蓋.mp3,review,1.9,34.9,30.6,0.68,1.58,原始訊噪比偏低,
CV21-任脈-璇璣.mp3,review,1.8,32.6,35.9,0.77,1.54,原始訊噪比偏低,
CV22-任脈-天突.mp3,review,2.0,34.8,35.2,0.75,1.45,原始訊噪比偏低,
CV23-任脈-廉泉.mp3,review,2.2,36.8,33.6,0.72,1.79,原始訊噪比偏低,
CV24-任脈-承漿.mp3,review,1.7,32.6,35.1,0.70,1.45,原始訊噪比偏低,
CV3-任脈-中極.mp3,review,1.5,31.5,35.3,0.74,1.54,原始訊噪比偏低,
CV4-任脈-關元.mp3,review,2.7,38.4,29.9,0.69,1.41,原始訊噪比偏低,
CV5-任脈-石門.mp3,review,1.3,33.8,35.9,0.74,1.49,原始訊噪比偏低,
CV6-任脈-氣海.mp3,review,1.6,32.1,34.3,0.71,1.58,原始訊噪比偏低,
CV7-任脈-陰交.mp3,review,2.6,37.0,31.0,0.74,1.45,原始訊噪比偏低,
CV8-任脈-神闕.mp3,review,2.5,36.1,31.4,0.78,1.62,原始訊噪比偏低,
CV9-任脈-水分.mp3,review,2.3,36.4,34.0,0.78,1.54,原始訊噪比偏低,
GB-44.mp3,ok,12.9,36.4,28.4,2.55,4.95,,
GB1-足少陽膽經-瞳子髎.mp3,review,2.7,36.0,31.5,0.91,1.92,原始訊噪比偏低,
GB10-足少陽膽經-浮白.mp3,review,1.7,35.4,29.2,0.68,1.66,原始訊噪比偏低,
GB11-足少陽膽經-頭竅陰.mp3,review,3.2,36.8,32.3,0.90,1.79,原始訊噪比偏低,
GB12-足少陽膽經-完骨.mp3,review,1.4,34.1,28.6,0.64,1.54,原始訊噪比偏低,
GB13-足少陽膽經-本神.mp3,review,0.9,31.1,37.6,0.71,1.54,原始訊噪比偏低,
GB14-足少陽膽經-陽白.mp3,review,2.1,35.0,27.9,0.80,1.71,原始訊噪比偏低,
GB15-足少陽膽經-頭臨泣.mp3,review,2.2,34.0,35.6,0.83,1.71,原始訊噪比偏低,
GB16-足少陽膽經-目窗.mp3,review,1.7,35.0,32.4,0.72,1.62,原始訊噪比偏低,
GB17-足少陽膽經-正營.mp3,review,1.6,32.1,35.4,0.67,1.37,原始訊噪比偏低,
GB18-足少陽膽經-承靈.mp3,review,1.4,33.2,32.3,0.76,1.62,原始訊噪比偏低,
GB19-足少陽膽經-腦空.mp3,review,2.1,35.3,32.0,0.72,1.58,原始訊噪比偏低,
GB2-足少陽膽經-聽會.mp3,review,2.8,37.5,31.4,0.69,1.49,原始訊噪比偏低,
GB20-足少陽膽經-風池.mp3,review,1.8,34.5,33.8,0.71,1.54,原始訊噪比偏低,
GB21-足少陽膽經-肩井.mp3,review,1.3,33.3,33.9,0.69,1.66,原始訊噪比偏低,
GB22-足少陽膽經-淵腋.mp3,review,1.4,34.0,34.4,0.62,2.94,原始訊噪比偏低,
GB23-足少陽膽經-輒筋.mp3,review,0.7,31.9,31.8,0.79,3.03,原始訊噪比偏低,
GB24-足少陽膽經-日月.mp3,review,1.5,35.7,29.9,0.65,4.82,原始訊噪比偏低,
GB25-足少陽膽經-京門.mp3,review,2.7,34.9,35.2,0.66,1.32,原始訊噪比偏低,
GB26-足少陽膽經-帶脈.mp3,review,1.5,34.9,34.6,0.67,1.71,原始訊噪比偏低,
GB27-足少陽膽經-五樞.mp3,review,1.0,33.0,36.7,0.67,1.45,原始訊噪比偏低,
GB28-足少陽膽經-維道.mp3,review,1.6,35.3,33.0,0.64,1.45,原始訊噪比偏低,
GB29-足少陽膽經-居髎.mp3,review,2.6,34.6,33.6,0.75,1.54,原始訊噪比偏低,
GB3-足少陽膽經-上關.mp3,review,4.5,40.5,26.6,0.85,1.58,原始訊噪比偏低,
GB30-足少陽膽經-環跳.mp3,review,2.7,34.3,30.2,0.70,1.83,原始訊噪比偏低,
GB31-足少陽膽經-風市.mp3,review,2.3,33.0,32.7,0.69,1.71,原始訊噪比偏低,
GB32-足少陽膽經-中瀆.mp3,review,1.2,33.2,35.3,0.73,1.62,原始訊噪比偏低,
GB33-足少陽膽經-膝陽關.mp3,review,1.7,34.6,30.1,0.97,1.75,原始訊噪比偏低,
GB34-足少陽膽經-陽陵泉.mp3,review,1.8,33.2,32.4,0.87,1.71,原始訊噪比偏低,
GB35-足少陽膽經-陽交.mp3,review,1.6,35.5,30.8,0.73,1.92,原始訊噪比偏低,
GB36-足少陽膽經-外丘.mp3,review,2.0,35.4,33.2,0.72,1.88,原始訊噪比偏低,
GB37-足少陽膽經-光明.mp3,review,1.5,33.0,34.1,0.70,1.62,原始訊噪比偏低,
GB38-足少陽膽經-陽輔.mp3,review,1.1,30.9,37.7,0.62,1.75,原始訊噪比偏低,
GB39-足少陽膽經-懸鐘.mp3,review,1.5,33.7,33.0,0.75,1.79,原始訊噪比偏低,
GB4-足少陽膽經-頷厭.mp3,review,1.6,29.3,29.1,0.69,6.83,原始訊噪比偏低,
GB40-足少陽膽經-丘墟.mp3,review,1.7,31.6,36.8,0.79,1.79,原始訊噪比偏低,
GB41-足少陽膽經-足臨泣.mp3,review,1.7,35.1,33.5,0.82,1.58,原始訊噪比偏低,
GB42-足少陽膽經-地五會.mp3,review,3.8,38.5,31.6,0.83,2.09,原始訊噪比偏低,
GB43-足少陽膽經-俠溪.mp3,review,1.2,30.8,32.3,0.75,1.58,原始訊噪比偏低,
GB44-足少陽膽經-足竅陰.mp3,review,2.4,33.1,35.5,0.93,2.22,原始訊噪比偏低,
GB5-足少陽膽經-懸顱.mp3,review,1.6,35.1,35.3,0.76,1.62,原始訊噪比偏低,
GB6-足少陽膽經-懸釐.mp3,review,2.0,36.6,31.3,0.80,1.66,原始訊噪比偏低,
GB7-足少陽膽經-曲鬢.mp3,review,1.9,35.3,34.8,0.74,1.49,原始訊噪比偏低,
GB8-足少陽膽經-率谷.mp3,review,1.3,34.0,31.1,0.66,1.66,原始訊噪比偏低,
GB9-足少陽膽經-天衝.mp3,review,2.0,34.5,34.8,0.76,1.54,原始訊噪比偏低,
GV-28.mp3,ok,13.5,34.6,32.3,1.65,4.61,,
GV1-督脈-長強.mp3,review,1.6,33.5,30.2,0.77,1.62,原始訊噪比偏低,
GV10-督脈-靈台.mp3,review,2.5,36.8,29.7,0.71,1.45,原始訊噪比偏低,
GV11-督脈-神道.mp3,review,4.1,40.3,25.9,0.73,1.58,原始訊噪比偏低,
GV12-督脈-身柱.mp3,review,2.2,36.0,33.6,0.78,1.62,原始訊噪比偏低,
GV13-督脈-陶道.mp3,review,4.4,40.9,26.3,0.71,1.66,原始訊噪比偏低,
GV14-督脈-大椎.mp3,ok,9.2,47.7,15.6,0.76,1.92,,
GV15-督脈-啞門.mp3,review,2.1,35.7,27.6,0.69,1.66,原始訊噪比偏低,
GV16-督脈-風府.mp3,review,2.6,38.1,28.8,0.68,1.58,原始訊噪比偏低,
GV17-督脈-腦戶.mp3,review,2.5,34.4,34.5,0.68,1.62,原始訊噪比偏低,
GV18-督脈-強間.mp3,review,2.9,35.1,31.5,0.74,1.62,原始訊噪比偏低,
GV19-督脈-後頂.mp3,review,4.1,40.7,27.7,0.62,1.75,原始訊噪比偏低,
GV2-督脈-腰俞.mp3,review,4.2,39.6,29.3,0.70,1.54,原始訊噪比偏低,
GV20-督脈-百會.mp3,review,2.7,35.4,30.8,0.61,1.66,原始訊噪比偏低,
GV21-督脈-前頂.mp3,review,2.8,35.0,35.2,0.67,1.66,原始訊噪比偏低,
GV22-督脈-囟會.mp3,ok,13.1,42.2,24.2,0.87,2.47,,
GV23-督脈-上星.mp3,review,2.4,34.3,32.1,0.75,1.58,原始訊噪比偏低,
GV24-督脈-神庭.mp3,review,1.2,33.4,35.3,0.76,1.58,原始訊噪比偏低,
GV25-督脈-素髎.mp3,review,2.6,34.6,32.6,0.75,1.49,原始訊噪比偏低,
GV26-督脈-水溝.mp3,review,5.9,41.5,25.2,0.77,1.58,原始訊噪比偏低,
GV27-督脈-兌端.mp3,review,3.5,37.8,30.4,0.71,1.66,原始訊噪比偏低,
GV28-督脈-齦交.mp3,review,3.8,38.4,27.1,0.71,1.71,原始訊噪比偏低,
GV3-督脈-腰陽關.mp3,review,3.5,39.8,28.9,0.80,1.71,原始訊噪比偏低,
GV4-督脈-命門.mp3,review,1.9,34.6,34.2,0.70,1.71,原始訊噪比偏低,
GV5-督脈-懸樞.mp3,review,1.4,35.4,34.0,0.78,1.71,原始訊噪比偏低,
GV6-督脈-脊中.mp3,review,3.4,38.4,29.4,0.76,1.54,原始訊噪比偏低,
GV7-督脈-中樞.mp3,review,2.5,36.6,32.4,0.77,1.62,原始訊噪比偏低,
GV8-督脈-筋縮.mp3,review,3.2,38.0,30.5,0.75,1.66,原始訊噪比偏低,
GV9-督脈-至陽.mp3,review,2.1,35.3,32.6,0.81,1.54,原始訊噪比偏低,
HT-9.mp3,ok,12.9,32.7,30.2,2.15,4.44,,
HT1-手少陰心經-極泉.mp3,review,1.8,34.8,31.0,0.69,2.30,原始訊噪比偏低,
HT2-手少陰心經-青靈.mp3,review,1.3,33.3,33.9,0.64,1.32,原始訊噪比偏低,
HT3-手少陰心經-少海.mp3,review,2.1,35.5,31.7,0.63,1.58,原始訊噪比偏低,
HT4-手少陰心經-靈道.mp3,review,2.0,34.9,27.1,0.64,1.54,原始訊噪比偏低,
HT5-手少陰心經-通里.mp3,review,3.6,36.4,32.9,0.65,1.49,原始訊噪比偏低,
HT6-手少陰心經-陰郄.mp3,review,1.3,34.3,36.3,0.70,1.62,原始訊噪比偏低,
HT7-手少陰心經-神門.mp3,review,1.3,34.2,35.0,0.67,1.32,原始訊噪比偏低,
HT8-手少陰心經-少府.mp3,review,3.8,38.1,30.8,0.66,1.37,原始訊噪比偏低,
HT9-手少陰心經-少衝.mp3,review,2.5,36.0,31.0,0.82,2.30,原始訊噪比偏低,
KI-27.mp3,ok,12.8,36.7,27.5,2.63,5.50,,
KI1-足少陰腎經-湧泉.mp3,review,2.6,36.3,32.9,0.75,1.83,原始訊噪比偏低,
KI10-足少陰腎經-陰谷.mp3,review,2.0,35.9,32.7,0.67,1.62,原始訊噪比偏低,
KI11-足少陰腎經-橫骨.mp3,review,2.8,36.0,33.0,0.70,1.54,原始訊噪比偏低,
KI12-足少陰腎經-大赫.mp3,review,3.7,38.0,29.1,0.71,1.58,原始訊噪比偏低,
KI13-足少陰腎經-氣穴.mp3,review,3.1,37.1,32.3,0.77,1.54,原始訊噪比偏低,
KI14-足少陰腎經-四滿.mp3,review,2.8,35.3,29.0,0.68,1.49,原始訊噪比偏低,
KI15-足少陰腎經-中注.mp3,review,2.4,37.9,29.7,0.76,1.71,原始訊噪比偏低,
KI16-足少陰腎經-肓俞.mp3,review,1.9,34.3,28.4,0.69,2.18,原始訊噪比偏低,
KI17-足少陰腎經-商曲.mp3,review,1.5,32.2,31.4,0.76,1.79,原始訊噪比偏低,
KI18-足少陰腎經-石關.mp3,review,2.4,37.5,30.5,0.75,1.54,原始訊噪比偏低,
KI19-足少陰腎經-陰都.mp3,review,2.6,38.7,31.4,0.63,1.45,原始訊噪比偏低,
KI2-足少陰腎經-然谷.mp3,review,2.7,36.3,27.8,0.71,1.58,原始訊噪比偏低,
KI20-足少陰腎經-腹通谷.mp3,review,3.3,35.8,33.1,0.83,1.75,原始訊噪比偏低,
KI21-足少陰腎經-幽門.mp3,ok,6.2,42.0,27.4,0.74,1.49,,
KI22-足少陰腎經-步廊.mp3,review,2.0,36.5,33.1,0.70,1.75,原始訊噪比偏低,
KI23-足少陰腎經-神封.mp3,review,3.4,39.7,26.5,0.76,1.62,原始訊噪比偏低,
KI24-足少陰腎經-靈墟.mp3,review,3.4,39.2,29.5,0.74,1.66,原始訊噪比偏低,
KI25-足少陰腎經-神藏.mp3,ok,6.5,35.1,34.2,0.82,1.75,,
KI26-足少陰腎經-彧中.mp3,review,3.0,37.1,29.7,0.71,2.01,原始訊噪比偏低,
KI27-足少陰腎經-俞府.mp3,review,2.5,36.5,33.7,0.59,1.79,原始訊噪比偏低,
KI3-足少陰腎經-太溪.mp3,review,2.8,34.9,29.0,0.77,1.49,原始訊噪比偏低,
KI4-足少陰腎經-大鐘.mp3,review,3.7,39.7,28.9,0.77,1.54,原始訊噪比偏低,
KI5-足少陰腎經-水泉.mp3,review,2.8,36.3,33.3,0.77,1.49,原始訊噪比偏低,
KI6-足少陰腎經-照海.mp3,review,2.8,37.6,29.1,0.73,1.62,原始訊噪比偏低,
KI7-足少陰腎經-復溜.mp3,review,4.0,39.5,29.7,0.77,1.62,原始訊噪比偏低,
KI8-足少陰腎經-交信.mp3,review,2.9,35.1,33.5,0.78,1.66,原始訊噪比偏低,
KI9-足少陰腎經-築賓.mp3,review,1.9,36.3,31.8,0.78,1.71,原始訊噪比偏低,
LI-20.mp3,ok,12.8,30.3,35.2,2.51,6.83,,
LI1-手陽明大腸經-商陽.mp3,review,1.5,33.7,32.3,0.75,1.96,原始訊噪比偏低,
LI10-手陽明大腸經-手三里.mp3,review,0.9,30.8,33.8,0.92,1.66,原始訊噪比偏低,
LI11-手陽明大腸經-曲池.mp3,review,0.7,28.6,37.4,0.77,1.62,原始訊噪比偏低,
LI12-手陽明大腸經-肘髎.mp3,review,1.5,33.6,33.5,0.75,1.62,原始訊噪比偏低,
LI13-手陽明大腸經-手五里.mp3,review,2.4,35.0,33.2,0.83,1.83,原始訊噪比偏低,
LI14-手陽明大腸經-臂臑.mp3,review,1.4,33.2,37.7,0.69,1.92,原始訊噪比偏低,
LI15-手陽明大腸經-肩髃.mp3,review,1.5,33.2,36.5,0.71,1.54,原始訊噪比偏低,
LI16-手陽明大腸經-巨骨.mp3,review,2.0,34.7,35.7,0.65,1.49,原始訊噪比偏低,
LI17-手陽明大腸經-天鼎.mp3,review,2.0,32.3,36.7,0.69,1.58,原始訊噪比偏低,
LI18-手陽明大腸經-扶突.mp3,review,1.6,33.0,39.4,0.68,1.79,原始訊噪比偏低,
LI19-手陽明大腸經-禾髎.mp3,review,1.7,33.4,35.2,0.73,1.66,原始訊噪比偏低,
LI2-手陽明大腸經-二間.mp3,review,2.5,35.8,33.3,0.70,1.54,原始訊噪比偏低,
LI20-手陽明大腸經-迎香.mp3,review,1.3,31.5,35.0,0.74,1.62,原始訊噪比偏低,
LI3-手陽明大腸經-三間.mp3,review,1.6,33.3,32.4,0.82,1.66,原始訊噪比偏低,
LI4-手陽明大腸經-合谷.mp3,review,1.1,31.2,38.3,0.57,1.62,原始訊噪比偏低,
LI5-手陽明大腸經-陽溪.mp3,review,1.0,30.9,32.7,0.73,1.62,原始訊噪比偏低,
LI6-手陽明大腸經-偏歷.mp3,review,1.6,31.5,37.1,0.64,1.71,原始訊噪比偏低,
LI7-手陽明大腸經-溫溜.mp3,review,2.1,35.2,35.0,0.72,1.96,原始訊噪比偏低,
LI8-手陽明大腸經-下廉.mp3,review,1.0,29.3,39.8,0.77,1.54,原始訊噪比偏低,
LI9-手陽明大腸經-上廉.mp3,review,0.9,30.5,36.9,0.79,1.54,原始訊噪比偏低,
LR-14.mp3,ok,13.5,36.9,29.2,2.11,3.93,,
LR1-足厥陰肝經-大敦.mp3,review,1.3,33.2,35.3,0.67,1.71,原始訊噪比偏低,
LR10-足厥陰肝經-足五里.mp3,review,1.9,34.3,36.6,0.77,1.71,原始訊噪比偏低,
LR11-足厥陰肝經-陰廉.mp3,review,1.6,32.8,35.3,0.76,1.62,原始訊噪比偏低,
LR12-足厥陰肝經-急脈.mp3,review,0.9,29.7,38.0,0.69,1.62,原始訊噪比偏低,
LR13-足厥陰肝經-章門.mp3,review,1.4,32.0,31.6,0.76,1.58,原始訊噪比偏低,
LR14-足厥陰肝經-期門.mp3,review,0.9,31.6,37.9,0.82,2.01,原始訊噪比偏低,
LR2-足厥陰肝經-行間.mp3,review,0.9,29.1,34.7,0.89,2.26,原始訊噪比偏低,
LR3-足厥陰肝經-太衝.mp3,review,2.3,31.1,34.8,0.77,1.62,原始訊噪比偏低,
LR4-足厥陰肝經-中封.mp3,review,2.7,37.5,32.0,0.73,1.54,原始訊噪比偏低,
LR5-足厥陰肝經-蠡溝.mp3,review,2.6,39.8,30.7,0.74,1.49,原始訊噪比偏低,
LR6-足厥陰肝經-中都.mp3,review,3.2,37.7,32.1,0.82,1.66,原始訊噪比偏低,
LR7-足厥陰肝經-膝關.mp3,review,4.9,36.5,30.2,0.82,1.58,原始訊噪比偏低,
LR8-足厥陰肝經-曲泉.mp3,review,1.0,30.7,34.6,0.79,1.62,原始訊噪比偏低,
LR9-足厥陰肝經-陰包.mp3,review,2.8,36.3,30.3,0.75,1.54,原始訊噪比偏低,
LU-11.mp3,ok,19.3,47.1,14.4,2.56,5.85,,
LU1-手太陰肺經-中府.mp3,review,1.7,45.5,17.5,0.70,2.26,原始訊噪比偏低,
LU10-手太陰肺經-魚際.mp3,review,0.7,30.5,38.7,0.63,1.79,原始訊噪比偏低,
LU11-手太陰肺經-少商.mp3,review,1.6,31.8,32.9,0.75,1.96,原始訊噪比偏低,
LU2-手太陰肺經-雲門.mp3,review,2.4,49.1,21.8,0.77,1.92,原始訊噪比偏低,
LU3-手太陰肺經-天府.mp3,ok,8.6,39.4,25.6,0.65,1.71,,
LU4-手太陰肺經-俠白.mp3,review,1.7,35.3,29.0,0.78,1.75,原始訊噪比偏低,
LU5-手太陰肺經-尺澤.mp3,review,3.4,32.6,38.7,0.79,1.96,原始訊噪比偏低,
LU6-手太陰肺經-孔最.mp3,review,1.5,32.0,36.2,0.65,1.83,原始訊噪比偏低,
LU7-手太陰肺經-列缺.mp3,review,1.4,33.7,37.0,0.77,2.05,原始訊噪比偏低,
LU8-手太陰肺經-經渠.mp3,review,0.7,27.9,41.4,0.74,1.83,原始訊噪比偏低,
LU9-手太陰肺經-太淵.mp3,review,1.5,34.8,33.1,0.76,1.88,原始訊噪比偏低,
PC-9.mp3,ok,13.4,37.7,26.8,2.41,4.69,,
PC1-手厥陰心包經-天池.mp3,review,1.5,31.1,34.3,0.79,1.96,原始訊噪比偏低,
PC2-手厥陰心包經-天泉.mp3,review,1.5,34.6,33.4,0.80,1.45,原始訊噪比偏低,
PC3-手厥陰心包經-曲澤.mp3,review,1.9,35.0,36.8,0.81,1.54,原始訊噪比偏低,
PC4-手厥陰心包經-郄門.mp3,review,1.9,32.9,37.6,0.84,1.62,原始訊噪比偏低,
PC5-手厥陰心包經-間使.mp3,review,1.1,35.6,32.7,0.69,1.54,原始訊噪比偏低,
PC6-手厥陰心包經-內關.mp3,review,2.5,38.3,28.5,0.72,1.49,原始訊噪比偏低,
PC7-手厥陰心包經-大陵.mp3,review,1.1,32.0,36.7,0.68,1.49,原始訊噪比偏低,
PC8-手厥陰心包經-勞宮.mp3,review,3.0,38.3,29.0,0.70,1.49,原始訊噪比偏低,
PC9-手厥陰心包經-中衝.mp3,review,2.9,36.5,28.1,0.77,1.88,原始訊噪比偏低,
SI-19.mp3,ok,12.6,34.5,29.8,2.61,4.86,,
SI1-手太陽小腸經-少澤.mp3,review,0.8,30.8,35.9,0.77,1.71,原始訊噪比偏低,
SI10-手太陽小腸經-臑俞.mp3,ok,14.4,36.1,34.2,0.83,3.29,,
SI11-手太陽小腸經-天宗.mp3,review,1.9,34.6,34.8,0.73,1.49,原始訊噪比偏低,
SI12-手太陽小腸經-秉風.mp3,review,1.3,33.3,31.4,0.69,1.49,原始訊噪比偏低,
SI13-手太陽小腸經-曲垣.mp3,review,0.8,31.5,36.7,0.74,1.45,原始訊噪比偏低,
SI14-手太陽小腸經-肩外俞.mp3,review,2.2,33.4,35.3,0.83,1.66,原始訊噪比偏低,
SI15-手太陽小腸經-肩中俞.mp3,review,1.5,33.5,34.7,0.91,1.83,原始訊噪比偏低,
SI16-手太陽小腸經-天窗.mp3,review,1.9,34.1,33.8,0.70,1.75,原始訊噪比偏低,
SI17-手太陽小腸經-天容.mp3,review,2.4,35.1,33.7,0.72,1.75,原始訊噪比偏低,
SI18-手太陽小腸經-顴髎.mp3,review,2.1,34.7,30.3,0.70,1.45,原始訊噪比偏低,
SI19-手太陽小腸經-聽宮.mp3,review,1.5,31.1,35.8,0.69,2.99,原始訊噪比偏低,
SI2-手太陽小腸經-前谷.mp3,review,0.8,31.4,36.7,0.71,1.45,原始訊噪比偏低,
SI3-手太陽小腸經-後溪.mp3,review,1.5,34.1,33.6,0.67,1.58,原始訊噪比偏低,
SI4-手太陽小腸經-腕骨.mp3,review,1.0,32.3,31.1,0.61,1.45,原始訊噪比偏低,
SI5-手太陽小腸經-陽谷.mp3,review,0.7,29.4,38.0,0.59,1.58,原始訊噪比偏低,
SI6-手太陽小腸經-養老.mp3,review,1.2,30.3,32.0,0.61,1.54,原始訊噪比偏低,
SI7-手太陽小腸經-支正.mp3,review,1.7,32.2,34.7,0.61,1.28,原始訊噪比偏低,
SI8-手太陽小腸經-小海.mp3,review,1.1,30.8,36.2,0.62,1.54,原始訊噪比偏低,
SI9-手太陽小腸經-肩貞.mp3,review,2.0,34.2,36.0,0.68,1.58,原始訊噪比偏低,
SP-21.mp3,ok,12.5,33.9,25.0,2.37,6.31,,
SP1-足太陰脾經-隱白.mp3,review,2.1,36.4,31.5,0.69,3.58,原始訊噪比偏低,
SP10-足太陰脾經-血海.mp3,review,1.9,33.9,30.5,0.68,1.62,原始訊噪比偏低,
SP11-足太陰脾經-箕門.mp3,review,2.2,33.0,33.7,0.72,1.54,原始訊噪比偏低,
SP12-足太陰脾經-衝門.mp3,review,1.3,34.7,33.7,0.79,1.75,原始訊噪比偏低,
SP13-足太陰脾經-府舍.mp3,review,1.5,34.9,33.2,0.62,1.62,原始訊噪比偏低,
SP14-足太陰脾經-腹結.mp3,review,3.1,37.3,31.6,0.79,1.62,原始訊噪比偏低,
SP15-足太陰脾經-大橫.mp3,review,3.6,39.4,21.4,0.70,1.96,原始訊噪比偏低,
SP16-足太陰脾經-腹哀.mp3,review,3.0,36.3,28.8,0.81,1.54,原始訊噪比偏低,
SP17-足太陰脾經-食竇.mp3,review,4.3,36.0,29.2,0.28,1.92,原始訊噪比偏低,
SP18-足太陰脾經-天溪.mp3,review,3.3,33.7,32.3,0.72,1.41,原始訊噪比偏低,
SP19-足太陰脾經-胸鄉.mp3,review,1.4,34.8,32.0,0.80,1.54,原始訊噪比偏低,
SP2-足太陰脾經-大都.mp3,review,1.9,35.4,32.9,0.66,1.32,原始訊噪比偏低,
SP20-足太陰脾經-周榮.mp3,review,1.7,34.3,33.8,0.75,1.49,原始訊噪比偏低,
SP21-足太陰脾經-大包.mp3,review,2.9,37.3,29.4,0.66,1.54,原始訊噪比偏低,
SP3-足太陰脾經-太白.mp3,review,2.2,34.8,30.1,0.68,1.45,原始訊噪比偏低,
SP4-足太陰脾經-公孫.mp3,review,2.6,38.0,31.4,0.72,1.58,原始訊噪比偏低,
SP5-足太陰脾經-商丘.mp3,review,3.0,35.8,32.5,0.77,1.54,原始訊噪比偏低,
SP6-足太陰脾經-三陰交.mp3,review,4.4,40.0,26.2,0.89,2.09,原始訊噪比偏低,
SP7-足太陰脾經-漏谷.mp3,review,5.1,40.3,29.5,0.78,1.54,原始訊噪比偏低,
SP8-足太陰脾經-地機.mp3,review,3.0,34.3,35.9,0.67,1.45,原始訊噪比偏低,
SP9-足太陰脾經-陰陵泉.mp3,review,1.5,33.4,35.8,0.83,1.58,原始訊噪比偏低,
ST-45.mp3,ok,13.6,34.4,30.4,2.20,5.08,,
ST1-足陽明胃經-承泣.mp3,review,1.0,30.0,39.7,0.74,1.83,原始訊噪比偏低,
ST10-足陽明胃經-水突.mp3,review,1.3,30.7,38.4,0.79,1.75,原始訊噪比偏低,
ST11-足陽明胃經-氣舍.mp3,review,1.1,30.8,33.0,0.63,1.75,原始訊噪比偏低,
ST12-足陽明胃經-缺盆.mp3,review,1.2,32.5,35.7,0.71,1.58,原始訊噪比偏低,
ST13-足陽明胃經-氣戶.mp3,review,0.8,30.2,40.5,0.71,1.75,原始訊噪比偏低,
ST14-足陽明胃經-庫房.mp3,review,1.3,31.6,34.9,0.68,1.62,原始訊噪比偏低,
ST15-足陽明胃經-屋翳.mp3,review,2.0,32.2,36.6,0.61,1.71,原始訊噪比偏低,
ST16-足陽明胃經-膺窗.mp3,review,1.4,30.8,36.4,0.74,1.58,原始訊噪比偏低,
ST17-足陽明胃經-乳中.mp3,review,1.0,33.0,32.7,0.72,1.79,原始訊噪比偏低,
ST18-足陽明胃經-乳根.mp3,review,0.6,31.4,36.0,0.72,1.71,原始訊噪比偏低,
ST19-足陽明胃經-不容.mp3,review,1.4,31.1,37.3,0.62,1.66,原始訊噪比偏低,
ST2-足陽明胃經-四白.mp3,review,0.7,29.0,36.8,0.73,1.62,原始訊噪比偏低,
ST20-足陽明胃經-承滿.mp3,review,1.1,30.6,32.7,0.59,1.71,原始訊噪比偏低,
ST21-足陽明胃經-梁門.mp3,review,1.0,30.1,34.5,0.71,1.62,原始訊噪比偏低,
ST22-足陽明胃經-關門.mp3,review,1.2,32.0,33.4,0.66,1.66,原始訊噪比偏低,
ST23-足陽明胃經-太乙.mp3,review,1.5,32.2,33.7,0.60,1.54,原始訊噪比偏低,
ST24-足陽明胃經-滑肉門.mp3,review,1.5,33.8,32.9,0.85,1.75,原始訊噪比偏低,
ST25-足陽明胃經-天樞.mp3,review,0.9,28.9,37.1,0.78,1.75,原始訊噪比偏低,
ST26-足陽明胃經-外陵.mp3,review,1.6,33.7,30.9,0.72,1.58,原始訊噪比偏低,
ST27-足陽明胃經-大巨.mp3,review,0.7,29.9,36.5,0.67,1.75,原始訊噪比偏低,
ST28-足陽明胃經-水道.mp3,review,1.3,30.7,31.2,0.71,1.88,原始訊噪比偏低,
ST29-足陽明胃經-歸來.mp3,review,2.2,34.4,30.8,0.85,1.66,原始訊噪比偏低,
ST3-足陽明胃經-巨髎.mp3,review,1.3,32.9,37.2,0.70,1.54,原始訊噪比偏低,
ST30-足陽明胃經-氣衝.mp3,review,1.9,32.6,35.2,0.74,1.75,原始訊噪比偏低,
ST31-足陽明胃經-髀關.mp3,review,2.0,35.2,32.0,0.71,1.83,原始訊噪比偏低,
ST32-足陽明胃經-伏兔.mp3,review,0.9,29.4,39.0,0.61,1.62,原始訊噪比偏低,
ST33-足陽明胃經-陰市.mp3,review,1.1,31.2,38.3,0.74,1.71,原始訊噪比偏低,
ST34-足陽明胃經-梁丘.mp3,review,1.5,34.1,31.2,0.76,1.88,原始訊噪比偏低,
ST35-足陽明胃經-犢鼻.mp3,review,1.0,29.8,40.3,0.69,1.96,原始訊噪比偏低,
ST36-足陽明胃經-足三里.mp3,review,0.9,30.0,36.6,0.69,1.66,原始訊噪比偏低,
ST37-足陽明胃經-上巨虛.mp3,review,1.1,32.1,32.1,0.92,1.62,原始訊噪比偏低,
ST38-足陽明胃經-條口.mp3,review,1.3,30.4,33.4,0.61,1.71,原始訊噪比偏低,
ST39-足陽明胃經-下巨虛.mp3,review,1.1,30.5,33.4,0.89,1.58,原始訊噪比偏低,
ST4-足陽明胃經-地倉.mp3,review,1.7,32.2,33.7,0.67,1.45,原始訊噪比偏低,
ST40-足陽明胃經-豐隆.mp3,review,1.2,31.8,36.6,0.65,1.58,原始訊噪比偏低,
ST41-足陽明胃經-解溪.mp3,review,1.0,29.9,38.5,0.81,1.54,原始訊噪比偏低,
ST42-足陽明胃經-衝陽.mp3,review,1.2,30.9,31.0,0.76,1.66,原始訊噪比偏低,
ST43-足陽明胃經-陷谷.mp3,review,1.5,29.9,37.7,0.66,1.49,原始訊噪比偏低,
ST44-足陽明胃經-內庭.mp3,review,1.1,29.9,36.2,0.69,1.83,原始訊噪比偏低,
ST45-足陽明胃經-厲兌.mp3,review,1.8,32.1,36.2,0.65,1.79,原始訊噪比偏低,
ST5-足陽明胃經-大迎.mp3,review,0.9,30.9,36.4,0.67,1.45,原始訊噪比偏低,
ST6-足陽明胃經-頰車.mp3,review,1.1,30.1,36.1,0.70,1.54,原始訊噪比偏低,
ST7-足陽明胃經-下關.mp3,review,1.9,33.7,29.3,0.75,1.62,原始訊噪比偏低,
ST8-足陽明胃經-頭維.mp3,review,2.4,36.4,33.8,0.71,1.49,原始訊噪比偏低,
ST9-足陽明胃經-人迎.mp3,review,0.9,30.9,38.0,0.67,1.49,原始訊噪比偏低,
TE-23.mp3,ok,11.0,40.0,28.1,3.05,4.78,,
TE1-手少陽三焦經-關衝.mp3,review,2.8,33.8,29.1,0.75,1.83,原始訊噪比偏低,
TE10-手少陽三焦經-天井.mp3,review,1.8,32.4,35.3,0.67,1.66,原始訊噪比偏低,
TE11-手少陽三焦經-清冷淵.mp3,review,2.3,34.9,31.3,0.98,1.92,原始訊噪比偏低,
TE12-手少陽三焦經-消濼.mp3,review,3.8,39.0,29.7,0.79,1.79,原始訊噪比偏低,
TE13-手少陽三焦經-臑會.mp3,review,3.0,37.0,30.3,0.68,1.96,原始訊噪比偏低,
TE14-手少陽三焦經-肩髎.mp3,review,3.1,37.2,28.1,0.81,1.71,原始訊噪比偏低,
TE15-手少陽三焦經-天髎.mp3,review,2.8,34.8,32.2,0.76,1.62,原始訊噪比偏低,
TE16-手少陽三焦經-天牖.mp3,review,3.5,34.9,31.9,0.69,2.22,原始訊噪比偏低,
TE17-手少陽三焦經-翳風.mp3,review,3.5,38.8,26.5,0.77,1.58,原始訊噪比偏低,
TE18-手少陽三焦經-瘈脈.mp3,review,2.0,35.3,32.7,0.78,1.83,原始訊噪比偏低,
TE19-手少陽三焦經-顱息.mp3,review,1.7,35.3,36.7,0.77,1.71,原始訊噪比偏低,
TE2-手少陽三焦經-液門.mp3,review,4.1,36.6,31.0,0.76,1.92,原始訊噪比偏低,
TE20-手少陽三焦經-角孫.mp3,review,2.3,38.4,28.6,0.83,1.49,原始訊噪比偏低,
TE21-手少陽三焦經-耳門.mp3,review,1.4,34.1,32.8,0.69,1.45,原始訊噪比偏低,
TE22-手少陽三焦經-耳和髎.mp3,review,3.2,39.6,27.4,0.81,1.54,原始訊噪比偏低,
TE23-手少陽三焦經-絲竹空.mp3,review,2.5,33.7,33.5,1.00,2.69,原始訊噪比偏低,
TE3-手少陽三焦經-中渚.mp3,review,1.8,34.9,31.3,0.66,1.49,原始訊噪比偏低,
TE4-手少陽三焦經-陽池.mp3,review,2.0,34.6,31.7,0.77,1.58,原始訊噪比偏低,
TE5-手少陽三焦經-外關.mp3,review,2.7,40.4,25.2,0.77,1.62,原始訊噪比偏低,
TE6-手少陽三焦經-支溝.mp3,review,3.8,43.1,27.3,0.63,1.28,原始訊噪比偏低,
TE7-手少陽三焦經-會宗.mp3,review,4.3,39.4,30.5,0.70,1.92,原始訊噪比偏低,
TE8-手少陽三焦經-三陽絡.mp3,review,2.8,36.4,31.0,0.87,1.88,原始訊噪比偏低,
TE9-手少陽三焦經-四瀆.mp3,review,2.2,35.6,32.7,0.78,1.83,原始訊噪比偏低,